X1,Y1,X2,Y2,X3,Y3
0,0,0,0,0,0
0.1,0.135107864892787,0.1,0.000290041095770855,0.1,0.134817823797017
0.2,0.269141946660182,0.2,0.000597586521445485,0.2,0.268544360138736
0.3,0.401020819840913,0.3,0.000923664807666043,0.3,0.400097155033247
0.4,0.529680711332774,0.4,0.00126936142013886,0.4,0.528411349912635
0.5,0.654084122636406,0.5,0.00163582146956019,0.5,0.652448301166845
0.6,0.773228239972868,0.6,0.00202425249319819,0.6,0.77120398747967
0.7,0.886153064215137,0.7,0.00243592730173279,0.7,0.883717136913404
0.8,0.991949194840647,0.8,0.00287218688343741,0.8,0.98907700795721
0.9,1.08976520491129,0.9,0.00333444335607687,0.9,1.08643076155521
1,1.17881454739621,1,0.00382418295498005,1,1.17499036444123
1.1,1.25838193694439,1.1,0.0043429690436061,1.1,1.25403896790078
1.2,1.32782915545796,1.2,0.00489244513054325,1.2,1.32293671032742
1.3,1.38660023447845,1.3,0.00547433787424301,1.3,1.3811258966042
1.4,1.43422597243966,1.4,0.00609046005388481,1.4,1.42813551238577
1.5,1.47032775022156,1.5,0.0067427134815709,1.5,1.46358503673999
1.6,1.49462061411509,1.6,0.00743309182755825,1.6,1.48718752228753
1.7,1.50691560123364,1.7,0.00816368332643095,1.7,1.49875191790721
1.8,1.50712128853378,1.8,0.00893667332799739,1.8,1.49818461520579
1.9,1.4952445528865,1.9,0.00975434665225911,1.9,1.48549020623424
2,1.47139053602034,2,0.0106190897030447,2,1.46077144631729
2.1,1.43576181458679,2.1,0.011533392289843,2.1,1.42422842229695
2.2,1.38865678202474,2.2,0.0124998491020237,2.2,1.37615693292271
2.3,1.33046725527264,2.3,0.0135211607740261,2.3,1.31694609449862
2.4,1.2616753256423,2.4,0.0146001344742737,2.4,1.24707519116802
2.5,1.18284947927646,2.5,0.0157396839445787,2.5,1.16710979533188
2.6,1.09464001851441,2.6,0.0169428289107188,2.6,1.07769718960369
2.7,0.997773821137169,2.7,0.0182126937787718,2.7,0.979561127358397
2.8,0.893048479811932,2.8,0.0195525055258093,2.8,0.873495974286122
2.9,0.781325869059874,2.9,0.0209655906877944,2.9,0.76036027837208
3,0.663525191692914,3,0.0224553713421689,3,0.641069820350745
3.1,0.540615560865422,3.1,0.0240253599778367,3.1,0.516590200887585
3.2,0.413608177632927,3.2,0.0256791531412616,3.2,0.387929024491666
3.3,0.283548167171172,3.3,0.0274204237444541,3.3,0.256127743426718
3.4,0.15150613955939,3.4,0.0292529119189869,3.4,0.122253227640403
3.5,0.0185695432494525,3.5,0.0311804143001755,3.5,-0.0126108710507229
3.6,-0.114166118990159,3.6,0.033206771627504,3.6,-0.147372890617663
3.7,-0.245606140762708,3.7,0.0353358545516465,3.7,-0.280941995314355
3.8,-0.37466545793929,3.8,0.0375715475453968,3.8,-0.412237005484687
3.9,-0.500277418382078,3.9,0.0399177308258751,3.9,-0.540195149207953
4,-0.621402404733359,4,0.04237826020892,4,-0.663780664942279
4.1,-0.737036240697625,4.1,0.0449569448339857,4.1,-0.78199318553161
4.2,-0.846218312992144,4.2,0.0476575227195025,4.2,-0.893875835711646
4.3,-0.948039343434336,4.3,0.0504836341348433,4.3,-0.998522977569179
4.4,-1.04164874845294,4.4,0.0534387928060108,4.4,-1.09508754125895
4.5,-1.12626152663122,4.5,0.0565263550080759,4.5,-1.18278788163929
4.6,-1.20116461868699,4.6,0.059749486638299,4.6,-1.26091410532529
4.7,-1.26572268853527,4.7,0.063111128409631,4.7,-1.3288338169449
4.8,-1.31938327873014,4.8,0.0666139593546408,4.8,-1.38599723808478
4.9,-1.36168129860598,4.9,0.0702603588843484,4.9,-1.43194165749032
5,-1.39224280879341,5,0.0740523677042336,5,-1.46629517649765
5.1,-1.41078807143009,5.1,0.0779916479498586,5.1,-1.48877971937995
5.2,-1.41713384127509,5.2,0.0820794429658389,5.2,-1.49921328424093
5.3,-1.41119487902253,5.3,0.0863165372127986,5.3,-1.49751141623533
5.4,-1.39298467434589,5.4,0.0907032168456687,5.4,-1.48368789119155
5.5,-1.36261537254153,5.5,0.0952392315611984,5.5,-1.45785460410273
5.6,-1.32029690502829,5.6,0.0999237583606187,5.6,-1.42022066338891
5.7,-1.26633533034922,5.7,0.104755367912645,5.7,-1.37109069826186
5.8,-1.20113039866354,5.8,0.10973199422999,5.8,-1.31086239289353
5.9,-1.12517235896122,5.9,0.114850908386838,5.9,-1.24002326734805
6,-1.03903803433089,6,0.120108697003087,6,-1.15914673133398
6.1,-0.943386196518469,6.1,0.125501246201473,6.1,-1.06888744271994
6.2,-0.838952276679787,6.2,0.131023731704488,6.2,-0.969976008384275
6.3,-0.726542454614803,6.3,0.136670615678022,6.3,-0.863213070292825
6.4,-0.60702717382769,6.4,0.142435650847663,6.4,-0.749462824675353
6.5,-0.481334134448046,6.5,0.148311892311743,6.5,-0.629646026759788
6.6,-0.350440820333924,6.6,0.154291717353833,6.6,-0.504732537687756
6.7,-0.215366620522129,6.7,0.160366853418483,6.7,-0.375733473940612
6.8,-0.0771646085621765,6.8,0.166528414260553,6.8,-0.24369302282273
6.9,0.0630869538624417,6.9,0.172766944114335,6.9,-0.109679990251893
7,0.204293320284884,7,0.17907246955836,7,0.0252208507265246
7.1,0.345352099252336,7.1,0.185434558580501,7.1,0.159917540671835
7.2,0.485162158832051,7.2,0.191842386181235,7.2,0.293319772650816
7.3,0.622632523460695,7.3,0.198284805696455,7.3,0.424347717764241
7.4,0.756691190739154,7.4,0.204750424880577,7.4,0.551940765858577
7.5,0.886293796342011,7.5,0.211227685671084,7.5,0.675066110670926
7.6,1.01043205637599,7.6,0.217704946461592,7.6,0.792727109914397
7.7,1.12814191827867,7.7,0.224170565645714,7.7,0.903971352632959
7.8,1.23851135368523,7.8,0.230612985160934,7.8,1.00789836852429
7.9,1.34068772958891,7.9,0.237020812761668,7.9,1.10366691682724
8,1.43388469755754,8,0.243382901783809,8,1.19050179577373
8.1,1.51738854471366,8.1,0.249688427227834,8.1,1.26770011748583
8.2,1.59056395460716,8.2,0.255926957081616,8.2,1.33463699752554
8.3,1.65285913096683,8.3,0.262088517923686,8.3,1.39077061304314
8.4,1.70381024256896,8.4,0.268163653988336,8.4,1.43564658858063
8.5,1.74304515305973,8.5,0.274143479030426,8.5,1.4689016740293
8.6,1.77028640546463,8.6,0.280019720494506,8.6,1.49026668497012
8.7,1.78535343726029,8.7,0.285784755664147,8.7,1.49956868159614
8.8,1.78816400821729,8.8,0.291431639637681,8.8,1.49673236857961
8.9,1.77873482969332,8.9,0.296954125140696,8.9,1.48178070455262
9,1.75718139060671,9,0.302346674339082,9,1.45483471626763
9.1,1.72371698189766,9.1,0.307604462955331,9.1,1.41611251894233
9.2,1.67865092783077,9.2,0.312723377112179,9.2,1.36592755071859
9.3,1.62238603895632,9.3,0.317700003429523,9.3,1.3046860355268
9.4,1.55541530787395,9.4,0.32253161298155,9.4,1.2328836948924
9.5,1.4783178750822,9.5,0.32721613978097,9.5,1.15110173530123
9.6,1.39175429810032,9.6,0.3317521544965,9.6,1.06000214360382
9.7,1.29646116266973,9.7,0.33613883412937,9.7,0.960322328540357
9.8,1.19324508013693,9.8,0.34037592837633,9.8,0.852869151760604
9.9,1.08297612004714,9.9,0.34446372339231,9.9,0.738512396654834
10,0.96658073150057,10,0.348403003637935,10,0.618177727862635
10.1,0.845034210906859,10.1,0.352195012457821,10.1,0.492839198449038
10.2,0.719352777386414,10.2,0.355841411987528,10.2,0.363511365398886
10.3,0.590585320183383,10.3,0.359344242932538,10.3,0.231241077250845
10.4,0.459804885050219,10.4,0.36270588470387,10.4,0.0970990003463488
10.5,0.328099968618602,10.5,0.365929016334093,10.5,-0.0378290477154907
10.6,0.196565691270846,10.6,0.369016578536158,10.6,-0.172450887265312
10.7,0.0662949199583523,10.7,0.371971737207326,10.7,-0.305676817248973
10.8,-0.0616305872270673,10.8,0.374797848622666,10.8,-0.436428435849734
10.9,-0.18614894314023,10.9,0.377498426508183,10.9,-0.563647369648413
11,-0.306226729529733,11,0.380077111133249,11,-0.686303840662982
11.1,-0.420867361405143,11.1,0.382537640516294,11.1,-0.803405001921437
11.2,-0.529119150298569,11.2,0.384883823796772,11.2,-0.914002974095341
11.3,-0.630083001350733,11.3,0.387119516790522,11.3,-1.01720251814126
11.4,-0.722919682128926,11.4,0.389248599714665,11.4,-1.11216828184359
11.5,-0.806856604559507,11.5,0.391274957041993,11.5,-1.1981315616015
11.6,-0.881194065303114,11.6,0.393202459423182,11.6,-1.2743965247263
11.7,-0.945310894285068,11.7,0.395034947597715,11.7,-1.34034584188278
11.8,-0.998669465881637,11.8,0.396776218200907,11.8,-1.39544568408254
11.9,-1.04082003241649,11.9,0.398430011364332,11.9,-1.43925004378082
12,-1.07140434509974,12,0.4,12,-1.47140434509974
12.1,-1.09015853330042,12.1,0.401489780654375,12.1,-1.49164831395479
12.2,-1.09691521903592,12.2,0.40290286581636,12.2,-1.49981808485228
12.3,-1.0916048497407,12.3,0.404242677563397,12.3,-1.4958475273041
12.4,-1.07425623869177,12.4,0.40551254243145,12.4,-1.47976878112322
12.5,-1.0449963088693,12.5,0.40671568739759,12.5,-1.45171199626689
12.6,-1.00404904246551,12.6,0.407855236867895,12.6,-1.4119042793334
12.7,-0.95173364467183,12.7,0.408934210568143,12.7,-1.36066785523997
12.8,-0.888461936722091,12.8,0.409955522240145,12.8,-1.29841745896224
12.9,-0.814734999395559,12.9,0.410921979052326,12.9,-1.22565697844788
13,-0.731139094239424,13,0.411836281639124,13,-1.14297537587855
13.1,-0.638340895605512,13.1,0.41270102468991,13.1,-1.05104192029542
13.2,-0.537082072164079,13.2,0.413518698014172,13.2,-0.950600770178251
13.3,-0.428173261813508,13.3,0.414291688015738,13.3,-0.842464949829246
13.4,-0.312487488805644,13.4,0.415022279514611,13.4,-0.727509768320255
13.5,-0.190953076413112,13.5,0.415712657860598,13.5,-0.60666573427371
13.6,-0.0645461125407232,13.6,0.416364911288284,13.6,-0.480911023829007
13.7,0.0657174707054437,13.7,0.416981033467926,13.7,-0.351263562762482
13.8,0.198790139358987,13.8,0.417562926211626,13.8,-0.218772786852639
13.9,0.333601255111968,13.9,0.418112402298563,13.9,-0.0845111471865949
14,0.469065759218894,14,0.418631188387189,14,0.050434570831705
14.1,0.604092972488934,14.1,0.419120927986092,14.1,0.184972044502842
14.2,0.73759544013387,14.2,0.419583184458731,14.2,0.318012255675139
14.3,0.868497749879523,14.3,0.420019444040436,14.3,0.448478305839087
14.4,0.995745251967883,14.4,0.420431118848971,14.4,0.575314133118913
14.5,1.11831261047394,14.5,0.420819549872609,14.5,0.697493060601332
14.6,1.23521211672871,14.6,0.42118600992203,14.6,0.814026106806679
14.7,1.34550169756762,14.7,0.421531706534503,14.7,0.923969991033119
14.8,1.44829255359505,14.8,0.421857784820724,14.8,1.02643476877433
14.9,1.54275636565193,14.9,0.422165330246398,14.9,1.12059103540553
15,1.6281320111696,15,0.422455371342169,15,1.20567663982743
15.1,1.70373173606099,15.1,0.422728882336829,15.1,1.28100285372417
15.2,1.76894673220802,15.2,0.422986785709954,15.2,1.34595994649806
15.3,1.8232520754158,15.3,0.423229954661119,15.3,1.40002212075468
15.4,1.86621098388145,15.4,0.423459215493769,15.4,1.44275176838768
15.5,1.89747836272512,15.5,0.423675349912604,15.5,1.47380301281251
15.6,1.9168036059102,15.6,0.423879097234013,15.6,1.49292450867619
15.7,1.92403263289045,15.7,0.424071156509678,15.7,1.49996147638077
15.8,1.91910914351603,15.8,0.424252188563962,15.8,1.49485695495207
15.9,1.90207508105836,15.9,0.424422817946119,15.9,1.47765226311224
16,1.87307029962262,16,0.424583634798704,16,1.44848666482392
16.1,1.83233143865724,16.1,0.424735196643866,16.1,1.40759624201337
16.2,1.78019001368678,16.2,0.424878030089432,16.2,1.35531198359735
16.3,1.71706973873889,16.3,0.425012632456886,16.3,1.292057106282
16.4,1.64348310215439,16.4,0.425139473333487,16.4,1.21834362882091
16.5,1.56002722351276,16.5,0.425258996050895,16.5,1.13476822746186
16.6,1.46737902522348,16.6,0.425371619092749,16.6,1.04200740613073
16.7,1.3662897578811,16.7,0.42547773743368,16.7,0.940812020447419
16.8,1.25757892371186,16.8,0.425577723812305,16.8,0.832001199899552
16.9,1.14212764731174,16.9,0.425671929940723,16.9,0.716455717371021
17,1.02087154734897,17,0.425760687653051,17,0.595110859695918
17.1,0.894793166943022,17.1,0.425844309995509,17.1,0.468948856947513
17.2,0.764914024004069,17.2,0.425923092260531,17.2,0.338990931743539
17.3,0.632286345892324,17.3,0.425997312967319,17.3,0.206289032925005
17.4,0.497984555311838,17.4,0.426067234791255,17.4,0.0719173205205832
17.5,0.363096576366189,17.5,0.426133105444451,17.5,-0.0630365290782612
17.6,0.228715031158976,17.6,0.426195158509728,17.6,-0.197480127350752
17.7,0.095928398207401,17.7,0.42625361423021,17.7,-0.330325216022809
17.8,-0.0341877957540018,17.8,0.426308680256638,17.8,-0.460496476010639
17.9,-0.160579679273097,17.9,0.426360552354471,17.9,-0.586940231627568
18,-0.282223564524953,18,0.426409415072746,18,-0.708632979597699
18.1,-0.39813423146137,18.1,0.426455442376589,18.1,-0.824589673837959
18.2,-0.507372900701855,18.2,0.426498798245205,18.2,-0.93387169894706
18.3,-0.609054830622693,18.3,0.426539637237115,18.3,-1.03559446785981
18.4,-0.702356477142798,18.4,0.426578105024288,18.4,-1.12893458216709
18.5,-0.786522158245519,18.5,0.426614338896808,18.5,-1.21313649714233
18.6,-0.860870169284325,18.6,0.42664846823958,18.6,-1.2875186375239
18.7,-0.924798299566729,18.7,0.426680614982566,18.7,-1.3514789145493
18.8,-0.97778870555707,18.8,0.426710894025938,18.8,-1.40449959958301
18.9,-1.01941210124712,18.9,0.426739413641476,18.9,-1.4461515148886
19,-1.04933123177097,19,0.426766275851495,19,-1.47609750762247
19.1,-1.06730360214248,19.1,0.426791576786498,19.1,-1.49409517892897
19.2,-1.07318343902354,19.2,0.426815407022708,19.2,-1.49999884604625
19.3,-1.06692286963965,19.3,0.426837851900575,19.3,-1.49376072154022
19.4,-1.04857230829637,19.4,0.426858991825286,19.4,-1.47543130012166
19.5,-1.01828004736471,19.5,0.426878902550277,19.5,-1.44515894991499
19.6,-0.97629105604283,19.6,0.426897655444665,19.6,-1.4031887114875
19.7,-0.922944996614606,19.7,0.426915317745505,19.7,-1.34986031436011
19.8,-0.858673474259575,19.8,0.426931952795693,19.8,-1.28560542705527
19.9,-0.78399654267305,19.9,0.426947620268332,19.9,-1.21094416294138
20,-0.699518493779219,20,0.426962376378295,20,-1.12648087015751
