X1,Y1,X2,Y2,X3,Y3,X4,Y4
0.003,0.0587778732103418,0.003,0.0643789501751398,0.003,0,0.003,0.214868208294045
0.01,0.105363447696582,0.01,0.0699102970130584,0.01,0,0.01,0.0710280414503906
0.015,0.0900291159180306,0.015,0.0757666650283905,0.015,0,0.015,0
0.003,0.0961876408117369,0.003,0.0607432493660412,0.003,0,0.003,0.27880345577092
0.015,0.167134328102148,0.015,0.0665990931018571,0.015,0.0227769369887223,0.015,0.164639381965541
0.026,0.227983937008754,0.026,0.0728031545126962,0.026,0.0542291473527717,0.026,0.0457060084928969
0.036,0.257651781098075,0.036,0.0799424864957355,0.036,0.0814059131458345,0.036,0
0.043,0.297977026832539,0.043,0.087322180160475,0.043,0.103945646181249,0.043,0
0.008,0.127115646624743,0.008,0.0572822725462457,0.008,0.040304799462769,0.008,0.334149850395327
0.026,0.215441470178982,0.026,0.0634641070984593,0.026,0.0976293836911797,0.026,0.240686645823727
0.041,0.287790276315319,0.041,0.0700176420463894,0.041,0.136317349568667,0.041,0.133974895709068
0.053,0.383317820007332,0.053,0.0775635648851565,0.053,0.168340238710121,0.053,0.0730889718910216
0.018,0.154011331061419,0.051,0.0853645011628711,0.051,0.194010008681973,0.051,0.0266360353451685
0.042,0.255540129216288,0.018,0.0540190651209571,0.018,0.0947832761274323,0.018,0.384180631300272
0.057,0.335594106492217,0.042,0.0605298975800306,0.042,0.160110231275202,0.042,0.306250784755915
0.068,0.405886567794049,0.057,0.0674346769746225,0.057,0.202354864764185,0.057,0.207449270846415
0.076,0.535175224531855,0.068,0.0753862786197658,0.068,0.236310459464374,0.068,0.118301213919874
0.034,0.178005355809667,0.076,0.0836106286085956,0.076,0.262881275559427,0.076,0.150128280165979
0.06,0.289933976835437,0.034,0.0509786171455704,0.034,0.142584372092962,0.034,0.430409221220054
0.078,0.37536159229162,0.06,0.0578191861239625,0.06,0.212486413061544,0.06,0.364665713524575
0.088,0.448339858212389,0.078,0.0650748987787639,0.078,0.256210096816429,0.078,0.271280063759095
0.038,0.214766179886076,0.088,0.0734354303836051,0.088,0.290539916261365,0.088,0.183532720329802
0.023,0.18972102328224,0.038,0.0647899514783928,0.038,0.0605418238707886,0.038,0.220735439260165
0.049,0.248921905781499,0.023,0.0654548327363247,0.023,0.041472116856396,0.023,0.191550940980335
0.039,0.23718585334016,0.049,0.062034116419568,0.039,0.115814373647338,0.049,0.279308562288859
0.03,0.223104894158944,0.039,0.0624006957361152,0.03,0.104084582261647,0.039,0.26588994962106
0.008,0.0588093105681707,0.03,0.0630925500460658,0.008,0,0.03,0.249626279446386
0.016,0.105456009218783,0.008,0.0643651822992059,0.016,0,0.008,0.189145400462654
0.022,0.0902190728483784,0.016,0.0698933651067924,0.022,0,0.016,0.0560948718621914
0.022,0.0962865913292897,0.022,0.0757476558378167,0.022,0,0.022,0
0.034,0.167386646831366,0.022,0.0607246743447061,0.034,0.0229976973382919,0.022,0.253049256127626
0.043,0.228385393522189,0.034,0.0665746942798583,0.043,0.0545344176955468,0.034,0.149770827317782
0.047,0.258657768555256,0.043,0.0727739137164237,0.047,0.0817904227171033,0.043,0.0431745732905844
0.051,0.299268657083203,0.047,0.0799082296008565,0.051,0.104415218730335,0.047,0
0.053,0.1273458012825,0.051,0.0872819447175864,0.053,0.04056903531868,0.051,0
0.074,0.215933172118924,0.053,0.0572550926080369,0.074,0.0980549435733549,0.053,0.308445281962628
0.08,0.288536718130514,0.074,0.0634286639190172,0.08,0.136883302354355,0.074,0.225970058407034
0.086,0.434156571744924,0.08,0.0699740346711067,0.086,0.194787031912221,0.08,0.13168713163819
0.098,0.154404232757407,0.086,0.0853053205909136,0.098,0.0952196063085371,0.086,0.0488383991709536
0.124,0.256353207000839,0.098,0.0539818337763802,0.124,0.160791069923493,0.098,0.358564055180338
0.127,0.336770295210958,0.124,0.0604793739724981,0.127,0.203224099686695,0.124,0.291771962926759
0.124,0.407324793152837,0.127,0.0673719239319997,0.124,0.237306361766993,0.127,0.205483136013893
0.124,0.538472002956773,0.124,0.0753131184184072,0.124,0.264020235334025,0.124,0.129442892815008
0.149,0.17860056442085,0.124,0.0835245843431295,0.149,0.143217769633316,0.124,0.173084268887375
0.174,0.291042952709335,0.149,0.0509288504805416,0.174,0.213378478403471,0.149,0.404928262815076
0.174,0.376935800322391,0.174,0.0577539327494823,0.174,0.257335100868731,0.174,0.35038813332928
0.17,0.450303193706402,0.174,0.0649926189988581,0.17,0.291865247821253,0.174,0.269586814008517
0.106,0.216046619366553,0.17,0.073335271257321,0.106,0.0614930539359986,0.17,0.195045838096275
0.06,0.190273781013971,0.106,0.0647543030213878,0.06,0.0419133786198484,0.106,0.2069638088536
0.143,0.250274285856262,0.06,0.0654261828338963,0.143,0.126120182409077,0.06,0.176985904488105
0.116,0.238057875716376,0.143,0.06198680607907,0.116,0.116501430536749,0.143,0.265500811817199
0.086,0.223734187317177,0.116,0.0623593839367717,0.086,0.104614780019961,0.116,0.251562039215886
0.011,0.0588379445532859,0.086,0.0630545967636239,0.011,0,0.086,0.235048333522248
0.02,0.105519520396685,0.011,0.0643521215838112,0.02,0,0.011,0.164688631914163
0.025,0.0903684036539089,0.02,0.069878988090398,0.025,0,0.02,0.0423029865127344
0.032,0.0963723613177648,0.025,0.0757310291219984,0.032,0,0.025,0
0.043,0.16760412658417,0.032,0.0607076422421239,0.043,0.0231888173355142,0.032,0.228530119339945
0.051,0.228743677530028,0.043,0.0665527080058497,0.051,0.0548072954368723,0.043,0.136017811133503
0.054,0.259555832167661,0.051,0.072747262097392,0.054,0.0821337813766605,0.051,0.0415482694581372
0.058,0.300445337583033,0.054,0.0798771382822425,0.058,0.104842791910678,0.054,0
0.08,0.127542707477035,0.058,0.0872450516867214,0.08,0.0407956727922884,0.058,0
0.099,0.216358304105487,0.08,0.0572308846610319,0.099,0.0984231441867592,0.08,0.283932778819625
0.101,0.289172378783023,0.099,0.0633972746525384,0.101,0.137365500707901,0.099,0.212311890480209
0.099,0.387057072910769,0.101,0.0699361217016084,0.099,0.169645956552299,0.101,0.130207776996514
0.153,0.154759864556142,0.099,0.0774648794506186,0.1,0.195452958608779,0.099,0.0971798796518505
0.17,0.257055975329256,0.1,0.0852541314029917,0.153,0.0956145701369154,0.1,0.070975618429675
0.165,0.33778648611486,0.153,0.0539477785533325,0.17,0.161379612676211,0.153,0.334117235238623
0.155,0.408645390322579,0.17,0.0604350435714694,0.165,0.203974453039176,0.17,0.278282832066293
0.151,0.54125406875789,0.165,0.0673174118919374,0.155,0.238219487308439,0.165,0.204251764620273
0.227,0.338033776332001,0.155,0.0752465433597065,0.151,0.26498238439026,0.155,0.141054764592717
0.24,0.292126305951069,0.151,0.083451813308604,0.227,0.143817283974512,0.151,0.195781927979267
0.23,0.378389210587332,0.227,0.0508820058180282,0.24,0.214247903080024,0.227,0.557863351971109
0.213,0.452001555058798,0.24,0.0576912015962823,0.23,0.258371806402484,0.24,0.337176264957116
0.143,0.217213728725576,0.23,0.0649174562159607,0.213,0.293010065289009,0.23,0.268651399222656
0.078,0.190747534245874,0.213,0.0732492527935782,0.143,0.0623583360118622,0.213,0.206856280263486
0.198,0.251425106304638,0.143,0.06472187420551,0.078,0.0422918399291843,0.143,0.19421727975096
0.158,0.23889624479277,0.078,0.0654007820499291,0.198,0.127019478658037,0.078,0.163484771220527
0.117,0.224277957356887,0.198,0.0619460914128293,0.158,0.117177924119308,0.198,0.252598876016988
0.012,0.0588723741754977,0.158,0.0623216109154245,0.117,0.105073217812164,0.158,0.238330765893402
0.021,0.105602794790892,0.117,0.0630210375250604,0.012,0,0.117,0.221507698640904
0.028,0.0905600762660917,0.012,0.0643378589907406,0.021,0,0.012,0.139455032220238
0.038,0.0964765785322962,0.021,0.0698626303135548,0.028,0,0.021,0.0285590632154032
0.049,0.167822730859445,0.028,0.0757119023494885,0.038,0,0.028,0
0.054,0.22911356693361,0.038,0.0606885873748546,0.049,0.0233814692349355,0.038,0.203220816725409
0.057,0.260540798674709,0.049,0.0665302324396277,0.054,0.0550895072100004,0.049,0.12225673566328
0.062,0.301633681049233,0.054,0.0727196229374675,0.057,0.0825096431022356,0.054,0.0407366975924743
0.102,0.127740798182788,0.057,0.079843683857014,0.062,0.105274552293286,0.057,0
0.111,0.216813779945109,0.062,0.0872076160895224,0.102,0.0410242728581382,0.062,0
0.111,0.28986877700428,0.102,0.0572061440046301,0.111,0.0988174961529904,0.102,0.258579146487424
0.107,0.388875711247475,0.111,0.0633640174551094,0.111,0.137893355517045,0.111,0.198647461187728
0.108,0.438451164857763,0.111,0.0698952761241328,0.107,0.170280298916001,0.111,0.129562913996894
0.19,0.155104877276453,0.107,0.0774169756800764,0.108,0.196257451427181,0.107,0.110990594989183
0.198,0.257777129731465,0.108,0.0851941934275027,0.19,0.0959979193434899,0.108,0.0955181150168321
0.19,0.338828601836218,0.19,0.0539141914833779,0.198,0.161982640599271,0.19,0.308785266673294
0.173,0.409973550318051,0.198,0.0603898445423268,0.19,0.204743068270266,0.198,0.264739424310984
0.169,0.544418901551937,0.19,0.0672618995993015,0.173,0.239137038758229,0.19,0.203779319791917
0.277,0.338756983763482,0.173,0.0751800117490491,0.169,0.266076475105948,0.173,0.154150264711132
0.283,0.293160034672769,0.169,0.0833710003463724,0.277,0.144382465260654,0.169,0.220801340306135
0.266,0.379830366686613,0.277,0.0508371585618929,0.283,0.215076278539766,0.277,0.532758801691062
0.166,0.218424827212516,0.283,0.0576312216596661,0.266,0.259397861191915,0.283,0.323800367775446
0.087,0.191263077301668,0.266,0.064843570786017,0.248,0.294231508753281,0.266,0.268397099621985
0.236,0.252750936662388,0.248,0.0731549743095527,0.166,0.0635110956939262,0.248,0.220259405652931
0.187,0.239842313280444,0.166,0.0645566979114906,0.087,0.0427035904054183,0.166,0.181463780988822
0.133,0.224858454581041,0.087,0.065373609575293,0.187,0.117939612330009,0.087,0.150020027413753
0.014,0.0589126373455827,0.236,0.0619008926363602,0.133,0.105562077068343,0.236,0.239848298513825
0.022,0.105720788051769,0.187,0.0622802324925427,0.014,0,0.187,0.225177453889066
0.031,0.0908115478618406,0.133,0.0629856699788215,0.022,0,0.133,0.207966153516729
0.043,0.0966222931813782,0.014,0.0643176919917397,0.031,0,0.014,0.102284783922055
0.054,0.168174862596576,0.022,0.0698384766308321,0.043,0,0.022,0.00924067596367102
0.057,0.229682430145337,0.031,0.0756848327723562,0.054,0.0236918568791382,0.031,0
0.059,0.261995616692749,0.043,0.0606607977200177,0.057,0.0555235648451932,0.043,0.165894815111812
0.064,0.303515648893013,0.054,0.0664950722305498,0.059,0.083064303790129,0.054,0.102901376938233
0.118,0.128057878481352,0.057,0.072677593632368,0.064,0.10595656622934,0.057,0.0412861226649956
0.124,0.217481700514305,0.059,0.0797942844069302,0.118,0.0413897765847875,0.059,0
0.123,0.290927066991813,0.064,0.0871495822604273,0.124,0.0993958759269348,0.064,0
0.118,0.391746232084373,0.118,0.0571676647018585,0.123,0.138694860846378,0.118,0.221180480981216
0.225,0.155670284260234,0.124,0.063315140196286,0.118,0.1712791680528,0.124,0.17933939085852
0.225,0.258901026480569,0.123,0.0698338586788356,0.117,0.197439586903925,0.123,0.130307687906388
0.212,0.340486955042013,0.118,0.0773430141042279,0.225,0.096624814466213,0.118,0.133865294878447
0.196,0.412078995159992,0.117,0.0851069022603165,0.225,0.162920878388423,0.117,0.134308993712767
0.192,0.549571735892406,0.225,0.0538608975265146,0.212,0.205963573639107,0.225,0.271408304149527
0.323,0.339888920056448,0.225,0.060320616674558,0.196,0.240568109347296,0.225,0.245628811127578
0.331,0.294746461231084,0.212,0.0671755904631746,0.323,0.145266094705586,0.212,0.204816991122392
0.309,0.3821074186298,0.196,0.0750745260184344,0.331,0.216344184329227,0.196,0.175868991707123
0.191,0.220278055245159,0.192,0.083246265944439,0.309,0.260993706258023,0.192,0.260714169919698
0.096,0.192097234452115,0.323,0.0507683525831271,0.291,0.296208039513689,0.323,0.495670528538531
0.272,0.254664441152906,0.331,0.0575408620171702,0.191,0.0648793346442386,0.331,0.304881446116168
0.212,0.241179439649998,0.309,0.0647272302463705,0.096,0.0433684259067574,0.309,0.269727064671337
0.15,0.225751504996041,0.291,0.0730133447081217,0.272,0.12953932545178,0.291,0.242442321891104
0.015,0.0589761164046078,0.191,0.0645069294627146,0.212,0.119014628291514,0.191,0.163687131346252
0.024,0.105908647355146,0.096,0.065331135333989,0.15,0.106313197301958,0.096,0.131147223424949
0.034,0.0912088910769655,0.272,0.061836353772099,0.015,0,0.272,0.221836235888187
0.046,0.096828630468191,0.212,0.0622215901600396,0.024,0,0.212,0.206555730138756
0.057,0.168656415674975,0.15,0.0629320457063495,0.034,0,0.15,0.188884783855652
0.061,0.230465906946044,0.015,0.0642899150327255,0.046,0,0.015,0.0557551919264564
0.067,0.26412389083763,0.024,0.0698041859073727,0.057,0.024116349233802,0.024,0
0.068,0.306101357460048,0.034,0.0756460811610538,0.061,0.0561213092185372,0.034,0
0.131,0.128509354758297,0.046,0.0606231092445668,0.067,0.0838725066090985,0.046,0.119093799038186
0.133,0.218471809517716,0.057,0.0664480955446393,0.068,0.106890926911727,0.057,0.0803431295419994
0.13,0.292421194241816,0.061,0.0726210152445001,0.131,0.0419097341010609,0.061,0.0452719862022077
0.129,0.395986042102189,0.067,0.0797249289200993,0.133,0.100250897309144,0.067,0.00533329488893453
0.247,0.156401130770793,0.068,0.0870716522602348,0.13,0.139823878125147,0.068,0.0212682342100368
0.25,0.260369772107968,0.131,0.0571148756584161,0.129,0.172637820223098,0.131,0.174235983738827
0.237,0.342669954870786,0.133,0.0632460017638751,0.126,0.198987903040002,0.133,0.15687015450568
0.217,0.555920417235137,0.13,0.0697498421857313,0.247,0.0974344291700542,0.13,0.134535476357025
0.359,0.341333297727134,0.129,0.0772410506444912,0.25,0.164125416794961,0.129,0.167565459416957
0.375,0.296884283205169,0.126,0.084990880421154,0.237,0.207546011928015,0.126,0.188421530983178
0.36,0.385182413120304,0.247,0.0537924682759813,0.222,0.242543317191032,0.247,0.224360212648455
0.345,0.460707008660995,0.25,0.0602292852933295,0.217,0.269939560912447,0.25,0.223195774339964
0.225,0.222955052013285,0.237,0.0670620341060035,0.359,0.146383483399579,0.237,0.209228918759666
0.328,0.25727675693033,0.222,0.0749383035901588,0.375,0.218025845167601,0.222,0.207583261439751
0.247,0.243049963742852,0.217,0.0830909563571204,0.36,0.263167830033337,0.217,0.315370341092405
0.167,0.226961685177837,0.359,0.0506784463617785,0.345,0.298822304402936,0.359,0.448896314677842
0.016,0.0590398517018476,0.375,0.0574200406979021,0.225,0.0668303330066626,0.375,0.282684434250235
0.025,0.106062851354706,0.36,0.0645784649251589,0.328,0.131560130426433,0.36,0.274404997730393
0.035,0.0915846550279847,0.345,0.0728317087472086,0.247,0.120513050567339,0.345,0.274505152999627
0.048,0.0970180959966941,0.225,0.0644383144436357,0.167,0.107329204379614,0.225,0.143447371797987
0.058,0.169143485521559,0.328,0.061751474416829,0.016,0,0.328,0.201039784644799
0.063,0.231241250149296,0.247,0.0621425465037107,0.025,0,0.247,0.184980945520567
0.065,0.266128549592869,0.167,0.0628609566465153,0.035,0,0.167,0.166622561213041
0.071,0.308926198219557,0.016,0.0642613005969703,0.048,0,0.016,0.0107920571482934
0.135,0.128924640727519,0.025,0.0697717976744858,0.058,0.0245472657910876,0.025,0
0.137,0.219414668022206,0.035,0.0756077226061649,0.063,0.0567143592085108,0.035,0
0.134,0.293780986804467,0.048,0.0605861718847786,0.065,0.0846335655325567,0.048,0.0737423062416948
0.134,0.399945777532488,0.058,0.06640027503716,0.071,0.107805924578045,0.058,0.0605993286662692
0.132,0.451528711713244,0.063,0.0725644722503507,0.135,0.0423900389715733,0.063,0.0531478909969539
0.262,0.157182178282493,0.065,0.0796585381772716,0.137,0.101065805040961,0.065,0.0419676037320532
0.267,0.261935659329263,0.071,0.0869918593058208,0.134,0.140834195963446,0.071,0.0786962136668699
0.258,0.344963797698385,0.135,0.0570644059221874,0.134,0.174008334867574,0.135,0.128620999275959
0.249,0.418083051220029,0.137,0.063179272094228,0.132,0.200602579093618,0.137,0.137044888920732
0.241,0.563143968265309,0.134,0.0696697968933094,0.262,0.0982977692434132,0.134,0.142397078842349
0.384,0.342917826365071,0.134,0.0771431034220153,0.267,0.165425631272936,0.134,0.205443944749798
0.412,0.299146377328228,0.132,0.0848761828788197,0.258,0.209224423631482,0.132,0.24684778325342
0.401,0.388404962279189,0.262,0.0537209986412782,0.249,0.244688080842624,0.262,0.178651296475319
0.393,0.464901815564266,0.267,0.0601367781568176,0.241,0.272441334820588,0.267,0.203461690899475
0.242,0.225794347051211,0.258,0.0669482531307474,0.384,0.147618313540457,0.258,0.217299417789525
0.108,0.194360373772024,0.249,0.0747952192066727,0.412,0.219818684949707,0.249,0.243808534656032
0.354,0.260062923671677,0.241,0.0829217179384778,0.401,0.265435377919158,0.241,0.375382765937239
0.264,0.244967509331452,0.384,0.0505858462197843,0.242,0.0689066339983505,0.384,0.403454504135265
0.171,0.228121691267586,0.412,0.0572984051198807,0.108,0.04516909084565,0.412,0.262981497288182
0.016,0.0590863666184251,0.401,0.0644281570760419,0.354,0.13370441403995,0.401,0.282877009644671
0.026,0.106172809474279,0.393,0.0726454881837272,0.264,0.122044026761326,0.393,0.311172065486796
0.034,0.0918257092273686,0.242,0.0643693816551384,0.171,0.108285876025181,0.242,0.126181356905049
0.05,0.0971669572175808,0.108,0.0652186113736022,0.016,0,0.108,0.0901268717935398
0.06,0.169476382656805,0.354,0.0616645209738484,0.026,0,0.354,0.183124056105974
0.065,0.231793370263182,0.264,0.062063215293599,0.034,0,0.264,0.166149918250728
0.073,0.310853086717033,0.171,0.0627903926717897,0.05,0,0.171,0.146999470041904
0.142,0.129210516013539,0.016,0.0642403393265208,0.06,0.0248433218252704,0.016,0
0.146,0.219958810241557,0.026,0.0697481967112753,0.065,0.0571372427386792,0.026,0
0.145,0.294809192635622,0.034,0.0755812487601953,0.073,0.108498802899369,0.034,0
0.145,0.402814539351325,0.05,0.0605583061915727,0.142,0.0427221368304413,0.05,0.0428310120964331
0.141,0.455266185362649,0.06,0.0663666787258514,0.146,0.101522520836527,0.06,0.0485545959030756
0.276,0.157700426703656,0.065,0.0725240726357438,0.145,0.141610526895412,0.065,0.0612746976796499
0.29,0.263050202429301,0.073,0.086935033927725,0.145,0.174999805666217,0.073,0.122127599359254
0.278,0.346696951359034,0.142,0.057028842407732,0.141,0.201872200958633,0.142,0.0974344535215663
0.274,0.420229856742554,0.146,0.0631357283970791,0.276,0.0988548212991632,0.146,0.124746491685217
0.261,0.568188107832755,0.145,0.0696121627589874,0.29,0.16634965891486,0.145,0.15050916533587
0.4,0.344064066577955,0.145,0.0770729473435771,0.278,0.210488532199338,0.145,0.235010441876055
0.445,0.300767685207103,0.141,0.0847886924463107,0.274,0.246155858508465,0.141,0.291442509558132
0.444,0.390781725944173,0.276,0.0536705075652159,0.4,0.148511060391384,0.276,0.147305820517605
0.265,0.227955797947753,0.29,0.0600714181912549,0.445,0.221098707232574,0.29,0.191173303542307
0.115,0.195157644122633,0.278,0.0668646633893435,0.444,0.267101206139796,0.278,0.225608503264104
0.384,0.262164104181122,0.274,0.0746986800612235,0.265,0.0704902495631823,0.274,0.272188607154897
0.281,0.246322147469865,0.261,0.0828059865062809,0.115,0.0457889253776603,0.261,0.420499909891831
0.183,0.229036546129278,0.4,0.050519708759839,0.384,0.135313977135015,0.4,0.372303730131297
0.017,0.0590921906144622,0.445,0.0572130682310781,0.281,0.123123054126694,0.445,0.250870654023503
0.027,0.106197860882562,0.444,0.0643205900127845,0.183,0.109051637183882,0.444,0.291298818636953
0.054,0.097255756463271,0.265,0.0643197200364686,0.017,0,0.265,0.116071103947986
0.062,0.16961331966707,0.115,0.0651775419433125,0.027,0,0.115,0.078399778048236
0.071,0.268318734241566,0.384,0.0616013268816296,0.054,0,0.384,0.172454842734227
0.076,0.311415909284866,0.281,0.0620076983966768,0.062,0.0249642520491585,0.281,0.154688684791579
0.141,0.129296146741474,0.183,0.0627380638488596,0.071,0.085363589222147,0.183,0.13509145232529
0.145,0.220216476075234,0.017,0.0642343047934983,0.076,0.108701761043218,0.017,0
0.143,0.295186964519751,0.027,0.0697409827152003,0.141,0.0428222102802717,0.027,0
0.145,0.40384625971178,0.054,0.0605455987671337,0.145,0.101744736279926,0.054,0.0326995144310305
0.145,0.456434970953584,0.062,0.0663539120285777,0.143,0.141895268094274,0.062,0.0449165689927107
0.282,0.157863636411308,0.071,0.0795918198157045,0.145,0.175355634995058,0.071,0.0814097631344818
0.288,0.263362749936121,0.076,0.0869177527674425,0.145,0.202269282555067,0.076,0.137243798097546
0.28,0.347139782054834,0.141,0.0570175480722913,0.282,0.0990356522953004,0.141,0.087136037898723
0.405,0.344400060386282,0.145,0.0631181537533965,0.288,0.166609256411701,0.145,0.12106572914245
0.447,0.301384024399438,0.143,0.0695914729634327,0.28,0.210812483303588,0.143,0.153775071843971
0.453,0.391683185508793,0.145,0.0770482205799694,0.277,0.246572292862155,0.145,0.245646521395859
0.262,0.228616588824923,0.145,0.0847612007310818,0.405,0.148773853018981,0.145,0.306937550617392
0.114,0.195466696280692,0.282,0.0536549201059405,0.447,0.221583702096054,0.282,0.136940641643473
0.389,0.26281197816333,0.288,0.0600523085900095,0.453,0.267710193533424,0.288,0.187366597770811
0.283,0.246811392802892,0.28,0.0668421456560873,0.262,0.0709708567689845,0.28,0.228738625694475
0.1321,0.107580013110433,0.277,0.0746707104158752,0.114,0.046034045289649,0.277,0.28218356539457
0.0758,0.0863257884203646,0.405,0.0504994827528876,0.389,0.135790368253115,0.405,0.361831333313031
0.107,0.111714186482384,0.447,0.0571816125960019,0.283,0.123511900697788,0.447,0.247216829054983
0.2171,0.203727021261885,0.453,0.0642786928509619,0.1321,0,0.453,0.294711008540375
0.3297,0.236683135719914,0.262,0.0643039938750312,0.0758,0,0.262,0.11297422455495
0.05153,0.131901404306674,0.114,0.0651628568340373,0.107,0,0.114,0.0749277294734715
0.0708,0.153904578312706,0.389,0.0615805011241041,0.2171,0,0.389,0.169168066647125
0.1139,0.194956026458701,0.283,0.0619881148114714,0.3297,0.0310361828751329,0.283,0.151240242106777
0.2149,0.234639166183419,0.1321,0.0115034410703479,0.05153,0,0.1321,0
0.351,0.25814703653356,0.107,0.0220069465745921,0.0708,0,0.0758,0
0.0525,0.0814032960632503,0.2171,0.0194188766158234,0.1139,0.00482125575685188,0.107,0
0.06515,0.114144928402744,0.3297,0.0173107820039462,0.2149,0.0552298676898608,0.2171,0
0.1127,0.175663156521132,0.05153,0.0340801691582414,0.351,0.0863725443789808,0.3297,0
0.2495,0.249913741279867,0.0708,0.0330430522254649,0.0525,0,0.05153,0
0.06713,0.158968570449663,0.1139,0.0309124312853878,0.06515,0.00616615127395434,0.0708,0
0.07973,0.212912231516665,0.2149,0.0286466780062089,0.1127,0.0635816995192859,0.1139,0
0.1485,0.306848471647585,0.351,0.0272353841111331,0.2495,0.125067141165786,0.2149,0.0222619290246419
0.3055,0.410707513517413,0.0525,0.0516511171305087,0.06713,0.0672777483686387,0.351,0.0529142547223391
0.06883,0.145071323602243,0.06515,0.0508870183058947,0.07973,0.111019789744389,0.06515,0.0945862115023108
0.01333,0.118972833921459,0.1127,0.0495936902217936,0.1485,0.180816767859738,0.1127,0.172122914012383
0.02011,0.260895415836817,0.2495,0.0481899616832091,0.06883,0.0397133451263995,0.2495,0.262785370075082
0.06101,0.292326182176036,0.07973,0.109763124010536,0.01333,0.0237769474096416,0.07973,0.130283977604098
0.02467,0.156911716997052,0.1485,0.110804831537985,0.02011,0.0748391815514544,0.1485,0.235636153446495
0.031,0.249722252257187,0.3055,0.112324296622293,0.06101,0.111928462870993,0.3055,0.346544047228165
0.03423,0.102838172230569,0.06883,0.0289221184506195,0.02467,0.00352471548822553,0.06883,0
0.04633,0.174750805176711,0.01333,0.0324303426174919,0.031,0.162549576950495,0.01333,0
0.04945,0.194451565787762,0.02011,0.0334831495726738,0.03423,0.0661409435638126,0.02011,0
0.02027,0.183939552688492,0.06101,0.0358953251823855,0.04633,0.161111089659719,0.06101,0.0137846454660377
0.03997,0.217443599104959,0.02467,0.0450353343770804,0.04945,0.183083150725935,0.02467,0
0.06555,0.0963014006149925,0.031,0.0481805651427668,0.02027,0.120179184204872,0.031,0.109491784842864
0.06913,0.118002628837519,0.03423,0.0684211472623684,0.03997,0.181780230712728,0.03423,0.121553760795251
0.08587,0.268435939439819,0.04633,0.0709956850893957,0.06555,0,0.04633,0.221621987727419
0.06621,0.31116918469298,0.04945,0.0721607911382596,0.06913,0.0414149292986929,0.04945,0.248399790772409
0.1171,0.370035985701836,0.02027,0.113570986092919,0.08587,0.0906561646539515,0.02027,0
0.1321,0.408090354810746,0.06555,0.0605697817058221,0.06621,0.144927493473196,0.03997,0
0.1002,0.169648907502125,0.06913,0.0666045894359092,0.1171,0.22027044888434,0.06555,0
0.09593,0.235738333828682,0.08587,0.0754315170570592,0.1321,0.269571477395892,0.06913,0
0.1026,0.265340623219745,0.06621,0.0905874284211298,0.1002,0.0430049242617176,0.08587,0.0207762498109487
0.2021,0.328410657077501,0.1171,0.124954942011836,0.09593,0.167759156174339,0.06621,0.0897817174981544
0.1248,0.113087610983874,0.1321,0.15853019086842,0.1026,0.221698614330678,0.1171,0.190612795758884
0.1246,0.163805535023346,0.1002,0.0740398882993178,0.2021,0.331733408293016,0.1321,0.260764563016287
0.1408,0.210497038626581,0.09593,0.0922268455501117,0.1248,0.114272088203498,0.1002,0.0264563823503336
0.1484,0.270360969679914,0.1026,0.107818346424678,0.1246,0.187109819146014,0.09593,0.137089101749865
0.1945,0.463379913605217,0.2021,0.166471941885225,0.1408,0.242454840147374,0.1026,0.189711306385796
0.1746,0.127880760115622,0.1248,0.102057261223754,0.1484,0.303228659732332,0.2021,0.31048209852219
0.1817,0.368910387686927,0.1246,0.112004931958702,0.1945,0.379525518926184,0.1248,0.174541530966725
0.0959,0.153280966402136,0.1408,0.123888580702689,0.1746,0.332180747743522,0.1246,0.246875824800118
0.1653,0.234174131552629,0.1484,0.143812827335818,0.1817,0.38736731142938,0.1408,0.311613922529694
0.2375,0.2769411156567,0.1945,0.184970077518317,0.1942,0.450485082048025,0.1484,0.39246660359491
0.2922,0.296248468772876,0.1746,0.211075377886857,0.0959,0.0347601595642,0.1945,0.615860017841179
0.372,0.34600072572085,0.1817,0.231151187603139,0.1653,0.196870483312418,0.1746,0.165836128107448
0.4867,0.381006183811016,0.1942,0.264944385104515,0.2375,0.278784735199205,0.1817,0.435687733450647
0.2275,0.205946271113523,0.0959,0.100798136747708,0.2922,0.314814823322235,0.1942,0.525564334323312
0.3107,0.266438971957498,0.1653,0.139870669817825,0.372,0.405822356328577,0.0959,0.0394707990356131
0.367,0.44958744629306,0.2375,0.180673705036406,0.4867,0.469291030688632,0.1653,0.177064246911336
0.1845,0.0718946963833885,0.2922,0.205661932540233,0.2275,0.280477818116518,0.2375,0.256268605085502
0.2655,0.116144623153707,0.372,0.292448096057863,0.3107,0.345474906974183,0.2922,0.293954255623963
0.4288,0.406603892003072,0.4867,0.372466623137413,0.367,0.39750874960653,0.372,0.398019852698405
0.6118,0.583029807343681,0.2275,0.177312103405182,0.544,0.52291852124969,0.4867,0.478699369871915
0.0196,0.15806534893608,0.3107,0.211899109450923,0.2655,0.341369504677652,0.2275,0.338235694001621
0.223,0.218841543501457,0.367,0.250851547861019,0.4288,0.455908198038023,0.3107,0.418956315705438
0.3653,0.270835307163767,0.544,0.396364307550245,0.5473,0.520069824295278,0.367,0.623991977293106
0.4883,0.320748489121362,0.1845,0.221607953164328,0.6118,0.580659990263864,0.544,0.731489513398429
0.08127,0.0801436093431845,0.2655,0.2540677708267,0.0196,0.156401121561874,0.1845,0.163792034697223
0.1049,0.0988196948094457,0.4288,0.318373649325509,0.223,0.287537207421966,0.2655,0.216282763566033
0.1428,0.13130595156037,0.5473,0.378213350188748,0.3653,0.397795386656425,0.4288,0.535432565645785
0.5154,0.486322242848272,0.6118,0.456467816389568,0.08127,0.0175696806154067,0.5473,0.620776530368535
0.5936,0.545892744466374,0.0196,0.232652114324508,0.1049,0.0748063280459649,0.6118,0.694093556079596
0.1021,0.142507214200171,0.223,0.369283315769126,0.1428,0.174530085322625,0.0196,0
0.1301,0.171371029635112,0.3653,0.505289783202869,0.3902,0.395619610581476,0.223,0.11250093078273
0.2258,0.224935680459903,0.4883,0.61318735687778,0.5154,0.491633070174236,0.3653,0.276982712202726
0.3427,0.264340501259217,0.08127,0.130411261884278,0.5936,0.589607445004805,0.4883,0.464025549715344
0.5103,0.336915791824866,0.1049,0.147459119153058,0.1021,0.0716402437595023,0.08127,0
0.5967,0.383941296266362,0.1428,0.191714917736336,0.1301,0.134551730122883,0.1049,0
0.2113,0.103616706056647,0.3902,0.387985177150833,0.2258,0.249445069920034,0.1428,0
0.3337,0.172509971882107,0.5154,0.508447599578271,0.3427,0.331009749091751,0.3902,0.422651451554823
0.4362,0.237893981155915,0.5936,0.617984300898877,0.5103,0.476020032669367,0.5154,0.568135681046769
0.7292,0.546979759275392,0.1021,0.145008902719757,0.5967,0.568794746680041,0.5936,0.738956518592019
0.7863,0.582871605498585,0.1301,0.161941605824363,0.2113,0.214457597413582,0.1021,0.093552342639617
0.4769,0.302673601782476,0.2258,0.210139359224448,0.3337,0.326597098348577,0.1301,0.140816208678737
0.5516,0.401511869673194,0.3427,0.264476639546201,0.4362,0.40830595016977,0.2258,0.232956032181229
0.69,0.549083266033163,0.5103,0.415944123034945,0.6073,0.545340650694133,0.3427,0.305446918312515
0.8253,0.685699891900467,0.5967,0.538462959253126,0.7292,0.638650095186905,0.5103,0.453968495916494
0.5745,0.187144094828102,0.2113,0.19677044630348,0.7863,0.702805716234659,0.5967,0.565094122605378
0.647,0.254123216811526,0.3337,0.246441655208773,0.4769,0.454736413483382,0.2113,0.251621507894189
0.766,0.621036851960608,0.4362,0.30429013160933,0.5516,0.535148015053422,0.3337,0.345643836322879
0.87,0.723385105307658,0.6073,0.458120432516449,0.69,0.64574249780692,0.4362,0.429905547184567
0.7072,0.325606601365928,0.7292,0.590607206305338,0.8253,0.75771236724493,0.6073,0.711575797691688
0.85,0.580009430533868,0.7863,0.671456580410851,0.5745,0.524491317982133,0.7292,0.769340051595871
0.01942,0.158683929643592,0.4769,0.362107234954717,0.647,0.601676819465297,0.7863,0.803242354337119
0.2443,0.199940812683881,0.5516,0.435420640894816,0.766,0.702935537723595,0.4769,0.530870032984757
0.5465,0.270081703315501,0.69,0.587210785051212,0.87,0.781788896709545,0.5516,0.626969048875415
0.6465,0.035444999616498,0.8253,0.764423907830301,0.8148,0.771799136084694,0.69,0.749007674094736
0.754,0.0512404518780484,0.647,0.518633507142082,0.8679,0.813264074068656,0.647,0.602401153170382
0.1485,0.069804031439852,0.766,0.675199873449815,0.85,0.853452175988404,0.766,0.881904187339747
0.2329,0.0948137684317004,0.87,0.811525473049495,0.01942,0.293907760967862,0.8148,0.821266788775647
0.2728,0.115038019988065,0.7072,0.610740309884939,0.2443,0.389039658516376,0.85,0.811444569237627
0.355,0.32245075889776,0.8148,0.766350289936297,0.5465,0.543437937511408,0.01942,0.115754668134391
0.4679,0.394622852864538,0.85,0.835588436501801,0.6465,0.655111825418637,0.2443,0.224814108347295
0.7787,0.553069042082749,0.01942,0.370004167469539,0.1485,0.114138130251111,0.5465,0.449063624787778
0.838,0.616902893247365,0.2443,0.481266722884094,0.2329,0.198246547768532,0.6465,0.332579293463895
0.1759,0.124808879557945,0.5465,0.659916264481013,0.2728,0.266666503710173,0.754,0.559477518666312
0.2548,0.166623692055341,0.6465,0.734589415216421,0.355,0.382371574583223,0.1485,0.010501162101302
0.3275,0.199333728693512,0.1485,0.195480953138954,0.4679,0.493561040791271,0.2329,0.0609532219349337
0.4803,0.255313130803196,0.2329,0.234340096841451,0.6577,0.64828839821517,0.2728,0.105017927668108
0.5923,0.306478045550813,0.2728,0.275843062609269,0.7787,0.745383383730754,0.355,0.384581357175421
0.7193,0.378526387268033,0.355,0.371830456168579,0.838,0.836903862196912,0.4679,0.519959475869216
0.8817,0.475721403926567,0.4679,0.495366141027093,0.1759,0.164581811223572,0.6577,0.745528743203604
0.354,0.080294714811238,0.6577,0.676082626956372,0.2548,0.263248409671026,0.7787,0.928103839909516
0.449,0.117414169726903,0.7787,0.744876495931992,0.3275,0.339472942297679,0.838,1
0.592,0.204984668655711,0.838,0.787352859437989,0.4803,0.465056051200739,0.1759,0.225128903504633
0.6833,0.288163220021176,0.1759,0.209683956926059,0.5923,0.574528094385817,0.2548,0.290311303803166
0.8602,0.590732184689422,0.2548,0.250138855527949,0.7193,0.72176364273897,0.3275,0.343128126121657
0.891,0.633201939174599,0.3275,0.293301226960181,0.818,0.818438321120816,0.4803,0.438605894922538
0.5333,0.105332799272308,0.4803,0.396137407986737,0.8817,0.891391743696233,0.5923,0.534043500560209
0.6329,0.298204419093378,0.5923,0.521490272413435,0.354,0.331731311128111,0.7193,0.690506130990098
0.722,0.361532349880538,0.7193,0.701425742966912,0.449,0.413480240113429,0.818,0.826435648196487
0.7693,0.468505405734184,0.818,0.770319141854762,0.592,0.552005530510912,0.8817,0.973200408276605
0.8753,0.603028664314907,0.8817,0.803362994866487,0.6833,0.6517416418425,0.354,0.337545414762933
0.9067,0.692588156800709,0.354,0.280777381838432,0.8602,0.873299217779808,0.449,0.383362431658733
0.9393,0.801057080667385,0.449,0.326710669264587,0.891,0.936938108116831,0.592,0.482840111394785
0.5725,0.149648348640244,0.592,0.446689675175253,0.6329,0.61143603775668,0.6833,0.567046388965726
0.6885,0.191215440575621,0.6833,0.571131281769565,0.722,0.666350301736146,0.8602,0.824940692246095
0.785,0.230910826712175,0.8602,0.81192698815336,0.7693,0.751164780724935,0.891,0.849188237223169
0.826,0.303329107633016,0.891,0.837219796860548,0.8753,0.855491742373208,0.5333,0.494021254885097
0.9265,0.669613684758956,0.5333,0.438532659127496,0.9067,0.926865387405927,0.6329,0.703840898428045
0.96,0.750007845265014,0.6329,0.513892883497527,0.9393,0.973087500339958,0.722,0.759209688110416
0.9695,0.845613002883457,0.722,0.582036471221412,0.5725,0.596095001454038,0.7693,0.838211630866989
0.7166,0.24873200930465,0.7693,0.710976698039005,0.6885,0.656531933720279,0.8753,0.900947231009146
0.8062,0.30029328969903,0.8753,0.86780273688542,0.785,0.704668046032954,0.9067,0.908154029189757
0.8479,0.395333597730295,0.9067,0.919676393198017,0.826,0.778298496031805,0.9393,0.932324392357733
0.9845,0.821679131196311,0.9393,0.926417917950137,0.9265,0.87991590172864,0.5725,0.664742239406203
0.9218,0.613074312672395,0.5725,0.517026526837358,0.96,0.939439687792755,0.6885,0.680877016830846
0.01702,0.106742625533879,0.6885,0.582722295189973,0.9695,0.973177829204062,0.785,0.692804287870484
0.05668,0.136219291981115,0.785,0.648261475647972,0.7166,0.707301765541916,0.826,0.705014851291281
0.4408,0.190369794614819,0.826,0.769659422906803,0.8062,0.753812847039054,0.9265,0.933290727672159
0.5777,0.227784554339162,0.9265,0.933152730877512,0.8479,0.825289384078137,0.96,0.898176331320378
0.7222,0.308757712655048,0.96,0.971137738600397,0.9266,0.903606908072512,0.9695,0.908416054816258
0.7875,0.0379169400442181,0.7166,0.657841868027073,0.9845,0.956465608169392,0.7166,0.685422413757653
0.8585,0.0520012890527217,0.8062,0.727738326122646,0.8325,0.857999433433597,0.8062,0.736204162258807
0.2474,0.0799451537630911,0.8479,0.858797920187892,0.9218,0.91433252322559,0.8479,0.817633611928846
0.3477,0.10655008082837,0.9266,0.990630330179008,0.01702,0.273892440670112,0.9266,0.88990103674516
0.3871,0.131327133158301,0.9845,1,0.05668,0.344747065881005,0.9845,1
0.5733,0.37433803375565,0.8325,0.866162915857645,0.2474,0.25604728968093,0.8325,0.828027949938432
0.83,0.537811207513801,0.9218,0.958106395407227,0.3477,0.349650538515494,0.9218,0.847189278591467
0.8807,0.60402867297781,0.01702,0.334859180357468,0.3871,0.434518878400095,0.01702,0.211286490898772
0.934,0.657124015220168,0.05668,0.406632017056784,0.5733,0.565875630292011,0.05668,0.275358275061902
0.3184,0.145821502006132,0.4408,0.556620443849274,0.7007,0.669669347719581,0.4408,0.407860333831464
0.4413,0.188929342504567,0.5777,0.654708353148743,0.83,0.80646628716611,0.5777,0.51366225798773
0.541,0.227514286835878,0.3477,0.338522923575094,0.8807,0.884521567970718,0.7222,0.793514270987908
0.6797,0.289578614419118,0.3871,0.412678636969157,0.934,0.917515522423449,0.7875,0.672892490940341
0.8817,0.408614911067575,0.5733,0.559151728287341,0.3184,0.324874305604087,0.3477,0.30095318968366
0.8983,0.462509244887333,0.7007,0.682348884851423,0.4413,0.428960295753762,0.3871,0.355606372785504
0.4888,0.0906003281271584,0.83,0.776453824321437,0.541,0.518243739930508,0.5733,0.682434415984512
0.6157,0.138350948083856,0.8807,0.804219654185452,0.6797,0.652631039089808,0.7007,0.819249848685327
0.7627,0.23413942840363,0.934,0.855452300345481,0.8817,0.874469936809543,0.83,1
0.802,0.311185895692987,0.4413,0.359939661846774,0.8983,0.943983612931508,0.8807,1
0.8873,0.568113142836438,0.541,0.436481231640088,0.913,0.969739537377426,0.934,1
0.9158,0.624226151951553,0.6797,0.589826348484437,0.6157,0.597102018222956,0.3184,0.459113803217245
0.9073,0.66450927877421,0.8817,0.798180153758441,0.7627,0.734347388200331,0.4413,0.522757454022475
0.688,0.130807602951722,0.8983,0.823471749140574,0.802,0.818284971666302,0.541,0.581325636760559
0.7853,0.39734432092119,0.4888,0.388328425722065,0.8873,0.927837433655455,0.6797,0.680918003711526
0.8487,0.489682547628371,0.6157,0.473610659140854,0.9158,0.992641364600348,0.8817,0.917050680352601
0.9387,0.62929674024815,0.7627,0.641834535762139,0.9073,1,0.8983,1
0.9693,0.798666466105658,0.802,0.75406263658568,0.688,0.701132248145534,0.913,1
0.9613,0.822108157046667,0.8873,0.838243946222128,0.7853,0.81906046791663,0.6157,0.533630161031139
0.768,0.173305519161232,0.9158,0.85931681938829,0.8487,0.886474950093141,0.7627,0.611697466136243
0.8415,0.262951873269877,0.9073,0.896569730524192,0.9387,0.978306817532168,0.802,0.663616089774872
0.9215,0.343890491489999,0.688,0.590090104503995,0.9693,1,0.8873,0.863096594919039
0.965,0.691863358592143,0.7853,0.764380518961828,0.9613,1,0.9158,0.87284501196022
0.983,0.772606250777803,0.8487,0.869779035767328,0.8415,0.831186218680699,0.7853,0.935889574599789
0.99,0.862032709979362,0.9387,0.941193129771179,0.9215,0.901197771724245,0.8487,0.978783708015143
0.7162,0.233794416193505,0.9693,0.94503848628112,0.965,0.977242356432457,0.9693,1
0.8872,0.348544619872128,0.9613,0.957175688034012,0.983,1,0.8415,0.787949873785179
0.9203,0.429341936445745,0.768,0.648050251782201,0.99,1,0.9215,0.788729097809387
0.9634,0.7514801010326,0.8415,0.812654337014075,0.8872,0.851456581678275,0.965,0.98771950212867
0.9548,0.820551319314592,0.9215,0.930579631030147,0.9203,0.902858411696137,0.983,0.955438017028653
0.9577,0.655440906915078,0.983,0.980910608596719,0.9634,0.962892429674007,0.8872,0.81637892572488
0.9743,0.871024814965349,0.8872,0.882306353871834,0.9548,0.984871678938543,0.9203,0.86704632345373
0.301,0.0979510605101418,0.9203,0.974639852908137,0.882,0.860692472390278,0.9634,1
0.199,0.14733552447168,0.9634,1,0.9577,0.942572142857308,0.9548,1
0.253,0.0413171318964739,0.9548,0.99856058297703,0.9743,0.953395730878232,0.9577,0.925378560163317
0.243,0.0556177675710952,0.199,0.296215593339725,0.301,0.133048847919378,0.199,0.331918465903176
0.225,0.107414829788147,0.253,0.297504363099824,0.199,0.139746081837326,0.253,0.168773821962316
0.303,0.139454751582003,0.243,0.298795255888168,0.253,0.146572162547287,0.243,0.151895689878287
0.294,0.184667928272257,0.225,0.303671739045603,0.243,0.152834814746377,0.225,0.0822635692652953
0.0816,0.0771224074375838,0.303,0.310563465842099,0.225,0.170276718921278,0.303,0
0.0902,0.101767001715647,0.294,0.316864564956094,0.303,0.188932010684606,0.294,0
0.142,0.188417549411134,0.0816,0.2988482736889,0.294,0.202032780113054,0.0816,0.246201904502227
0.206,0.213365842353791,0.0902,0.300281086652844,0.0816,0.189198326853755,0.0902,0.242572457823756
0.23,0.274831043305563,0.142,0.305813243352208,0.0902,0.201414838631908,0.142,0.216876193346805
0.255,0.355601722270414,0.206,0.313654223627835,0.142,0.236822392425568,0.206,0.0937439725448201
0.13,0.189152931183511,0.23,0.320977055165717,0.206,0.270646088350317,0.23,0.0915061710440345
0.135,0.140098134777783,0.255,0.331904231680848,0.23,0.295508120300226,0.255,0.201579278449844
0.25,0.251861531121634,0.13,0.299782056925114,0.255,0.321919111969565,0.13,0.411950389534853
0.309,0.265227565807721,0.135,0.30136305997542,0.13,0.229090702116113,0.135,0.322174644288098
0.344,0.334280629689269,0.25,0.307552511419183,0.135,0.246550182499162,0.25,0.328074840844393
0.384,0.420655414917078,0.309,0.316364905065457,0.25,0.296389995502221,0.309,0.193562932750924
0.396,0.485285091883304,0.344,0.324677044740064,0.309,0.339280188890536,0.344,0.195956044098938
0.359,0.535155011526583,0.375,0.337295203973087,0.344,0.369920132798095,0.375,0.312327252125154
0.166,0.173650380397909,0.384,0.337274200161387,0.375,0.409354387584282,0.384,0.299351214304054
0.444,0.380786529969443,0.396,0.348264468248165,0.384,0.401510743927044,0.396,0.437506606245582
0.485,0.46969687206589,0.359,0.357850979799484,0.396,0.422102231599373,0.359,0.598428369190307
0.303,0.197201730212542,0.166,0.302155769349057,0.359,0.433560259159417,0.166,0.396582551391312
0.194,0.205482933147172,0.417,0.318705490080276,0.166,0.288436236083796,0.417,0.425646757292114
0.345,0.342746347534643,0.417,0.318749101257239,0.417,0.404666740828277,0.417,0.415171661687533
0.572,0.569365304601433,0.444,0.327992782200412,0.417,0.398177431009551,0.444,0.284442057736932
0.2,0.229612358872042,0.485,0.342294180155131,0.444,0.431103001831527,0.485,0.378677021711084
0.56,0.605007792023723,0.485,0.355051779977012,0.485,0.465222201788923,0.485,0.502996514025623
0.008,7.84675160573936e-10,0.303,0.300749104738727,0.485,0.487054039176438,0.303,0.487072919111626
0.022,0.999999998708093,0.194,0.302652082329138,0.303,0.301130751241242,0.194,0.468668093796207
0.043,0.999999998708093,0.345,0.310065653129117,0.194,0.328168913877887,0.345,0.504415873828685
0.021,7.84675160573936e-10,0.48,0.320848296513613,0.345,0.39010938170835,0.48,0.506957461592295
0.03,7.84675160573936e-10,0.56,0.347097502680951,0.48,0.44779213213786,0.56,0.444262212270296
0.026,7.84675160573936e-10,0.572,0.361349641909749,0.56,0.515816793608329,0.572,0.553833405392154
0.045,0.999999998708093,0.491,0.322685268138472,0.2,0.359835891100802,0.2,0.529807258953007
0.066,0.999999998708093,0.56,0.333949224090402,0.56,0.519909663681673,0.491,0.578918674403841
0.18,0.999999998708093,0.022,0.041568262301035,0.008,0.0276176059233911,0.56,0.585385637052649
0.592,7.84675160573936e-10,0.043,0.117426136654199,0.022,0.0200794133770364,0.022,0.0812120925328388
0.623,7.84675160573936e-10,0.03,0.0389060438440651,0.043,0.06979562444977,0.026,0
0.734,7.84675160573936e-10,0.026,0.0375448676486267,0.03,0.0505723392893606,0.066,0.0309854475539685
0.1416,0.304150272949746,0.045,0.0441342713182537,0.026,0.0528258515125246,0.1416,0.642976760303518
0.1374,0.302519824678089,0.1416,0.0672717744701907,0.1416,0.0943562570372434,0.1374,0.645820122217697
0.1964,0.30140314637872,0.1374,0.0667251357620041,0.1374,0.0973094648092626,0.1964,0.647905956411895
0.1966,0.300324586596703,0.1964,0.0663333700614017,0.1964,0.0994264498685423,0.1966,0.650032069018291
0.0238,0.119260876397558,0.1966,0.0659409742383999,0.1966,0.101546730304708,0.0238,0.140247365471709
0.1434,0.125497506904171,0.0238,0.0635627288006106,0.0238,0.107205812682525,0.1434,0.153784789066816
0.1599,0.132109381936883,0.1434,0.0630261312384687,0.1434,0.11236848074263,0.1599,0.168222880075433
0.1818,0.140111919250509,0.1599,0.0624460574544928,0.1599,0.11792575261938,0.1818,0.185819040872884
0.00179,0.162157329299516,0.1818,0.0617284953848021,0.1818,0.124760802899455,0.00179,0
0.07884,0.173521493021463,0.00179,0.0573904065062096,0.00179,0.104418931888907,0.07884,0
0.09425,0.176275330594352,0.07884,0.0568013222791085,0.07884,0.115086929781228,0.09425,0
0.1524,0.196068048718204,0.09425,0.0566540410857816,0.09425,0.117737490618156,0.1524,0
0.166,0.200265956838704,0.1524,0.0555425490191123,0.1524,0.137493455341087,0.166,0
0.1814,0.201477764977344,0.166,0.0552947099477971,0.166,0.141834705734045,0.1814,0
0.2041,0.207979292770597,0.1814,0.0552223702754704,0.1814,0.143097234836684,0.2041,0
0.0007637,0.209001499492817,0.2041,0.0548281407632387,0.2041,0.149940567402318,0.0007637,0
0.01934,0.222922871335409,0.0007637,0.0489729183959042,0.0007637,0.0591494616741287,0.01934,0.00733440687041581
0.0403,0.256267299284483,0.01934,0.0489061567573969,0.01934,0.0689929779232971,0.0403,0.0524749875018807
0.05286,0.271276973755191,0.0403,0.0487407093970721,0.0403,0.0946424992715907,0.05286,0.0729467107875422
0.06821,0.286035382017497,0.05286,0.04866479269129,0.05286,0.107111937172959,0.06821,0.0931884280847378
0.07472,0.289257858752269,0.06821,0.0485901718622844,0.06821,0.119910421822596,0.07472,0.0976245992065973
0.0835,0.291816047888211,0.07472,0.0485739597108833,0.07472,0.122774274976245,0.0835,0.101150740748571
0.1383,0.315268382495456,0.0835,0.0485611242900694,0.0835,0.125065193347991,0.1383,0.133676696391408
0.1398,0.320434069404668,0.1383,0.0484458474888354,0.1383,0.146769606209518,0.1398,0.140893811949977
0.1463,0.320383972831043,0.1398,0.0484213159304727,0.1398,0.151716058372262,0.1463,0.140823721805221
0.1527,0.311708498441815,0.1463,0.0484215518516579,0.1463,0.151667807825805,0.1527,0.128714802727464
0.005591,0.305358893631651,0.1527,0.0484629742950939,0.1527,0.143395028504545,0.005591,0.595577248542757
0.01925,0.304867758596399,0.005591,0.0676375035990199,0.005591,0.0922597856709738,0.01925,0.596343881133608
0.08278,0.304150272949746,0.01925,0.0674822495929392,0.01925,0.0930979183444511,0.08278,0.597499992967037
0.169,0.302975721568804,0.08278,0.0672508709014633,0.08278,0.0943473947093297,0.169,0.599487752436721
0.2237,0.300864031774105,0.169,0.0668600547149821,0.169,0.096458620291727,0.2237,0.603372242738563
0.2149,0.299082630245027,0.2237,0.0661180677527434,0.2237,0.100467968297685,0.2149,0.606977810057041
0.1744,0.297879194439529,0.2149,0.0654504961600969,0.2149,0.104074368009527,0.1744,0.60959373314938
0.1566,0.296904837608325,0.1744,0.0649766889388134,0.1744,0.106632470078938,0.1566,0.611822934170253
0.07584,0.29356416132853,0.1566,0.0645789875953914,0.1566,0.10877822589531,0.07584,0.620269970270798
0.0316,0.289556213570331,0.07584,0.0631137877450769,0.07584,0.116667647524639,0.0316,0.63220859781576
0.01823,0.288814835347015,0.0316,0.0611289507146325,0.0316,0.127301654512458,0.01823,0.634652929483801
0.01407,0.287520141307996,0.01823,0.060732335441632,0.01823,0.129417905487548,0.01407,0.639110430269833
0.003794,0.114853561717312,0.003794,0.0639148202336536,0.01407,0.133230604625865,0.003794,0.114257066585215
0.05463,0.122427306861082,0.05463,0.063270593272229,0.003794,0.103597057361792,0.05463,0.130554203828178
0.1271,0.125115115798083,0.1271,0.0630383480877818,0.05463,0.109807971907739,0.1271,0.136365008133578
0.1471,0.128645926771123,0.1471,0.0627303703428295,0.1271,0.112040553635005,0.1471,0.144020278603553
0.1509,0.133676161506728,0.1509,0.062285917445136,0.1471,0.114995102572702,0.1509,0.154970126177569
0.169,0.137463522753848,0.169,0.0619468577386601,0.1509,0.119245649429222,0.169,0.163248777461348
0.1981,0.141245943723522,0.1981,0.0616044386378426,0.169,0.122476883370027,0.1981,0.171546457171311
0.2054,0.144594359204611,0.2054,0.0612981329541196,0.1981,0.125729473395135,0.2054,0.178917223475982
0.2092,0.152367024693214,0.2092,0.0605755797933795,0.2054,0.12862952480638,0.2092,0.196119720186309
0.2042,0.169171297734307,0.2042,0.0589582245217725,0.2092,0.135433150450709,0.2042,0.233769033094731
0.1808,0.177474822090041,0.1808,0.0581311525906236,0.2042,0.1504592137161,0.1808,0.252613188517705
0.1664,0.181198524812155,0.1664,0.057754277060227,0.1808,0.158029620896787,0.1664,0.261117283626154
0.1484,0.185593667706496,0.1484,0.0573046972338904,0.1664,0.161453296193801,0.1484,0.27119824585425
0.001814,0.165095695054741,0.001814,0.0572200315742761,0.1484,0.165516128082162,0.001814,0
0.029,0.168884149250356,0.029,0.0570243971108514,0.001814,0.10712536408285,0.029,0
0.04716,0.174058438585748,0.04716,0.056751806586561,0.029,0.110671043686133,0.04716,0
0.07527,0.179076952394801,0.07527,0.0564814296061412,0.04716,0.115592333299371,0.07527,0
0.09433,0.184461000501019,0.09433,0.0561847432572919,0.07527,0.120449997180017,0.09433,0
0.1442,0.193542760776627,0.1442,0.0556686260447846,0.09433,0.125751418000015,0.1442,0
0.1741,0.201916867550987,0.1741,0.0551751076352847,0.1442,0.134897082508128,0.1741,0
0.1914,0.209187359470383,0.1914,0.0547327848782022,0.1741,0.14354627661653,0.1914,0
0.2051,0.215516076145043,0.2051,0.0543372053252932,0.1914,0.151215374482292,0.2051,0
0.2233,0.225049846464838,0.2233,0.0537226416773197,0.2051,0.15800630488922,0.2233,0.0196162342161056
0.2244,0.242731507453628,0.2244,0.0525232595620199,0.2233,0.168428449269611,0.2244,0.0581313556938066
0.22,0.252612546161713,0.22,0.0518193393611379,0.2244,0.188321243252945,0.22,0.0801795356725074
0.02362,0.259267973534888,0.02362,0.0487052760400501,0.22,0.199727330566411,0.02362,0.0921406515694277
0.05568,0.283472437863342,0.05568,0.0485827938816939,0.02362,0.0970809061621227,0.05568,0.125165803877333
0.1002,0.301130083533013,0.1002,0.0484944331499777,0.05568,0.117640732714315,0.1002,0.149458719046869
0.148,0.316952089175066,0.148,0.0484175054642436,0.1002,0.133525350963394,0.148,0.171396089007916
0.1732,0.327538457749748,0.1732,0.0483680020462415,0.148,0.148365862150734,0.1732,0.186175482154724
0.1843,0.336640313676217,0.1843,0.0483271858584133,0.1732,0.158603998762351,0.1843,0.198953764947856
0.2062,0.349900473485865,0.2062,0.0482714864234695,0.1843,0.167597654626774,0.2062,0.217698707329853
0.2294,0.362439221713203,0.2294,0.0482241037401377,0.2062,0.181006090986055,0.2294,0.235577334581371
0.2313,0.371692582268957,0.2313,0.0481932875036488,0.2294,0.194006219666516,0.2313,0.248875796560488
